"","electrode_id","coating","storage_days","fabrication_batch","use_status","glucose_mmol_L","response","unit","problem_flag","clarifications"
"1","E004","Standard","7","B1","Include",5,NA,"uA","Problem","This  sample has missing value at response"
"2","E007","Standard","4","B2","Include",5,"-9.8","uA","Problem","This sample has negative response"
"3","E010","Standard",NA,"B2","Include",5,"10.1","uA","Problem","This sample has missing value at storage day"
"4","E011","Standard","14","B2","Include",5,"9.6","uA","Problem","This sample has 2 different response"
"5","E011","Standard","14","B2","Include",5,"13.6","uA","Problem","This sample has 2 different response"
"6","E012","Standard","3","","Include",5,"10.6","uA","Problem","This sample has empty value at fabrication batch"
"7","E018","Modified","-2","B1","Include",5,"12.7","uA","Problem","This sample has unvaluable storage day condition"
"8","E019","Modified","4","B2","Include",5,"12.6","?","Problem","Unit condition is  not known"
"9","E021","?","10","B2","Include",5,"11.3","uA","Problem","Coating condition is not known"
"10","E022","Modified","unknown","B2","Pending",5,"12.4","uA","Problem","This sample has unknown value at storage day"
"11","E024","Modified","3","B2","Include",NA,NA,NA,"Problem","This sample has missing values and is not visible at measurement dataset"
"12","E099",NA,NA,NA,NA,5,"11.2","uA","Problem","This sample has missing values and is not visible at electrode dataset"
