"","electrode_id","coating","storage_days","fabrication_batch","use_status","glucose_mmol_L","response","unit","problem_flag"
"1","E001","Standard","0","B1","Include",5,"10.2","uA","No problem"
"2","E002","Standard","1","B1","Include",5,"10.8","uA","No problem"
"3","E003","Standard","3","B1","Include",5,"10.7","uA","No problem"
"4","E004","Standard","7","B1","Include",5,NA,"uA","Problem"
"5","E005","Standard","14","B1","Include",5,"9.5","uA","No problem"
"6","E006","Standard","2 ","B1","Include",5,"10.4","uA","No problem"
"7","E007","Standard","4","B2","Include",5,"-9.8","uA","Problem"
"8","E008","Standard","7","B2","Include",5,"9.9","uA","No problem"
"9","E009","Standard","10","B2","Include",5,"9.7","uA","No problem"
"10","E010","Standard",NA,"B2","Include",5,"10.1","uA","Problem"
"11","E011","Standard","14","B2","Include",5,"9.6","uA","Problem"
"12","E011","Standard","14","B2","Include",5,"13.6","uA","Problem"
"13","E012","Standard","3","","Include",5,"10.6","uA","Problem"
"14","E013","Modified","0","B1","Include",5,"13.1","uA","No problem"
"15","E014","Modified","1","B1","Include",5,"12.8","uA","No problem"
"16","E015","Modified","3","B1","Include",5,"12.1 ","uA","No problem"
"17","E016","Modified","7","B1","Withdrawn",5,"11.8","uA","No problem"
"18","E017","Modified","14","B1","Include",5,"10.8","uA","No problem"
"19","E018","Modified","-2","B1","Include",5,"12.7","uA","Problem"
"20","E019","Modified","4","B2","Include",5,"12.6","?","Problem"
"21","E020","Modified","7","B2","Include",5,"11.9","uA","No problem"
"22","E021","?","10","B2","Include",5,"11.3","uA","Problem"
"23","E022","Modified","unknown","B2","Pending",5,"12.4","uA","Problem"
"24","E023","Modified","14","B2","Include",5,"10.9","uA","No problem"
"25","E024","Modified","3","B2","Include",NA,NA,NA,"Problem"
"26","E099",NA,NA,NA,NA,5,"11.2","uA","Problem"
