electrode_id,coating,storage_days,fabrication_batch,use_status
E001,Standard,0,B1,Include
E002,standard,1,B1,Include
E003,Standard ,3,B1,Include
E004,Standard,7,B1,Include
E005,Standard,14,B1,Include
E006,Standard,2 days,B1,Include
E007,Standard,4,B2,Include
E008,Standrad,7,B2,Include
E009,Standard,10,B2,Include
E010,Standard,NA,B2,Include
E011,Standard,14,B2,Include
E012,Standard,3,,Include
E013,Modified,0,B1,Include
E014,Modified,1,B1,Include
E015,modified,3,B1,Include
E016,Modified,7,B1,Withdrawn
E017,Modifed,14,B1,Include
E018,Modified,-2,B1,Include
E019,Modified,4,B2,Include
E020,Modified,7,B2, include 
E021,?,10,B2,Include
E022,Modified,unknown,B2,Pending
E023,Modified,14,B2,Include
E024,Modified,3,B2,Include
E006,Standard,2 days,B1,Include
